question,answer
Có thể sử dụng số điện thoại khác để đăng nhập không?,"Có, nhưng số điện thoại đó phải được liên kết với tài khoản của bạn trước đó. Nếu số chưa được liên kết, bạn sẽ không thể sử dụng nó để đăng nhập."
Mật khẩu của tôi cần đáp ứng yêu cầu gì?,"Mật khẩu cần tối thiểu 8 ký tự và bao gồm ít nhất: 1 chữ hoa, 1 chữ thường, 1 số, và 1 ký tự đặc biệt (ví dụ: @, #, $). Điều này giúp bảo mật tài khoản tốt hơn."
Tôi có thể đăng ký tài khoản cho người khác không?,Không nên. Việc này có thể vi phạm chính sách bảo mật và thông tin cá nhân. Tốt nhất là để người đó tự đăng ký để đảm bảo quyền riêng tư và thông tin chính xác.
Tôi có thể sử dụng ứng dụng mà không cần đăng ký không?,"Tùy ứng dụng. Một số tính năng cơ bản có thể không yêu cầu đăng ký, nhưng để truy cập đầy đủ chức năng (như lưu dữ liệu, cá nhân hóa), bạn cần đăng ký tài khoản."
Tôi cần làm gì để xác thực số điện thoại khi quên mật khẩu?,"Truy cập trang/quy trình đặt lại mật khẩu, nhập số điện thoại đã đăng ký, sau đó làm theo hướng dẫn để nhận mã xác thực qua SMS hoặc cuộc gọi để xác nhận."
Tôi có thể yêu cầu gửi lại mã OTP không?,"Có, bạn thường có thể yêu cầu gửi lại mã OTP nếu mã trước đó hết hạn hoặc bạn không nhận được. Tùy hệ thống, yêu cầu này có thể giới hạn trong một khoảng thời gian."
Mật khẩu mới có thể giống với mật khẩu cũ không?,"Thông thường, không được phép để đảm bảo tính bảo mật. Nếu bạn cố gắng đặt lại, hệ thống sẽ nhắc bạn chọn mật khẩu khác với mật khẩu cũ."
Tôi có thể thay đổi mật khẩu trên điện thoại không?,"Có, bạn có thể vào mục ""Cài đặt tài khoản"" hoặc ""Bảo mật"" trên ứng dụng để thay đổi mật khẩu. Quy trình thường đơn giản và dễ thực hiện."
Nếu tôi không nhớ mật khẩu mới thì phải làm sao?,"Bạn cần sử dụng chức năng ""Quên mật khẩu"" để đặt lại mật khẩu mới. Hệ thống sẽ gửi hướng dẫn qua email hoặc số điện thoại để bạn hoàn thành việc này."
Tôi có thể thay đổi mật khẩu ngay sau khi đăng nhập không?,"Có, sau khi đăng nhập thành công, bạn có thể vào phần ""Cài đặt tài khoản"" và chọn ""Đổi mật khẩu"" để thay đổi bất cứ lúc nào. Hệ thống sẽ yêu cầu nhập mật khẩu hiện tại."
Tôi có thể quay lại trang chủ sau khi đăng ký không?,"Có, sau khi hoàn tất đăng ký, bạn có thể nhấn vào nút ""Trang chủ"" hoặc logo của ứng dụng để quay lại trang chủ."
Tôi có thể đăng ký tài khoản bằng email không?,"Có, hầu hết các ứng dụng cho phép đăng ký bằng email. Bạn sẽ cần xác minh email của mình bằng cách nhập mã xác nhận được gửi đến email đó."
Làm thế nào để biết tài khoản đã được tạo thành công?,"Sau khi đăng ký, bạn thường nhận được thông báo trên màn hình hoặc email xác nhận rằng tài khoản của bạn đã được tạo thành công."
Nếu tôi nhập sai mã OTP thì có thể thử lại không?,"Có, bạn có thể nhập lại mã OTP đúng. Tuy nhiên, nếu nhập sai nhiều lần, hệ thống có thể khóa tài khoản tạm thời vì lý do bảo mật."
Tôi có thể thay đổi thông tin cá nhân sau khi đăng ký không?,"Có, bạn có thể thay đổi thông tin cá nhân trong mục ""Hồ sơ"" hoặc ""Cài đặt tài khoản"" trên ứng dụng, trừ một số thông tin cố định như số điện thoại hoặc email."
Mật khẩu mới của tôi cần đáp ứng yêu cầu gì?,"Tương tự như khi tạo mật khẩu ban đầu: tối thiểu 8 ký tự, bao gồm chữ hoa, chữ thường, số, và ký tự đặc biệt để đảm bảo an toàn."
Tôi có thể sử dụng khoảng trắng trong mật khẩu không?,"Có, một số hệ thống cho phép sử dụng khoảng trắng trong mật khẩu để tăng độ phức tạp, nhưng không phải tất cả đều hỗ trợ."
Tôi có thể sử dụng mật khẩu cũ sau khi đã thay đổi không?,"Không, để đảm bảo bảo mật, hầu hết các hệ thống không cho phép sử dụng lại mật khẩu cũ."
Tôi có thể xem số dư và hạn mức khả dụng ở đâu?,"Bạn có thể xem thông tin này trong mục ""Tài khoản"" hoặc ""Số dư"" trên ứng dụng hoặc website, thường nằm ở phần giao diện chính sau khi đăng nhập."
Có cách nào để xem thông tin chi tiết về thẻ không?,"Có, bạn có thể xem chi tiết thẻ trong mục ""Quản lý thẻ"" hoặc ""Thông tin thẻ"". Một số chi tiết như số thẻ đầy đủ có thể bị ẩn để bảo mật."
Làm thế nào để cài đặt thẻ mặc định cho thanh toán?,"Truy cập mục ""Quản lý thẻ"", chọn thẻ bạn muốn đặt mặc định, sau đó nhấn vào ""Cài đặt làm thẻ mặc định"" hoặc tùy chọn tương tự."
Tôi có thể xem lịch sử giao dịch của mình ở đâu?,"Bạn có thể vào mục ""Lịch sử giao dịch"" hoặc ""Chi tiết tài khoản"" trong ứng dụng hoặc website để xem danh sách các giao dịch đã thực hiện."
Có thể sao kê giao dịch trong một khoảng thời gian cụ thể không?,"Có, hầu hết các hệ thống đều cho phép chọn khoảng thời gian cụ thể để xuất sao kê giao dịch, ví dụ: tuần, tháng, hoặc tùy chỉnh theo ngày."
Lịch sử giao dịch có hiển thị tất cả các giao dịch không?,"Có, lịch sử giao dịch thường hiển thị toàn bộ các giao dịch, nhưng một số hệ thống có thể chỉ hiển thị giao dịch trong một khoảng thời gian nhất định."
Làm thế nào để cài đặt hình thẻ của tôi?,"Vào mục ""Cài đặt thẻ"" hoặc ""Quản lý thẻ"", chọn tùy chọn thay đổi ảnh hoặc cá nhân hóa thẻ (nếu được hỗ trợ). Bạn có thể tải ảnh từ thư viện hoặc chụp ảnh mới."
Tôi có thể thay đổi thẻ mặc định cho rút tiền không?,"Có, bạn cần vào mục ""Quản lý thẻ"" hoặc ""Cài đặt thanh toán"", chọn thẻ mới và đặt làm mặc định cho việc rút tiền."
Làm thế nào để kiểm tra hạn mức khả dụng của thẻ?,"Vào mục ""Chi tiết thẻ"" hoặc ""Hạn mức tín dụng"" trên ứng dụng hoặc website để xem hạn mức khả dụng, thường được cập nhật theo thời gian thực."
Tôi có thể liên kết nhiều thẻ vào tài khoản không?,"Có, hầu hết các hệ thống cho phép liên kết nhiều thẻ để sử dụng linh hoạt. Bạn có thể thêm thẻ mới trong mục ""Liên kết thẻ""."
Có cách nào để xem các giao dịch gần đây không?,"Có, trong mục ""Lịch sử giao dịch"", bạn thường thấy các giao dịch gần nhất được hiển thị ở đầu danh sách."
Làm thế nào để thay đổi thông tin cá nhân liên quan đến thẻ?,"Vào mục ""Quản lý thẻ"" hoặc ""Thông tin cá nhân"", chọn thẻ cần chỉnh sửa và cập nhật thông tin như địa chỉ thanh toán, số điện thoại liên hệ nếu được phép."
Làm thế nào để biết thẻ của tôi có bị khóa không?,"Bạn có thể kiểm tra trạng thái thẻ trong mục ""Quản lý thẻ"" trên ứng dụng hoặc website. Nếu thẻ bị khóa, hệ thống sẽ hiển thị trạng thái ""Đã khóa"". Bạn cũng có thể liên hệ dịch vụ khách hàng để xác minh."
Tôi có thể cài đặt nhiều thẻ mặc định không?,"Không, hệ thống thường chỉ cho phép cài đặt một thẻ làm mặc định cho mỗi loại giao dịch (như thanh toán hoặc rút tiền). Bạn có thể thay đổi thẻ mặc định bất kỳ lúc nào."
Có thể xem số dư tài khoản từ ứng dụng di động không?,"Có, bạn chỉ cần đăng nhập vào ứng dụng di động, số dư tài khoản thường được hiển thị trên trang chủ hoặc mục ""Tài khoản""."
Làm thế nào để cập nhật thông tin thẻ khi thay đổi?,"Bạn có thể vào mục ""Quản lý thẻ"", chọn thẻ cần cập nhật và chỉnh sửa thông tin như địa chỉ thanh toán hoặc ngày hết hạn. Một số thông tin có thể yêu cầu xác minh bổ sung."
Tôi có thể xem hạn mức rút tiền hàng ngày không?,"Có, bạn có thể kiểm tra trong mục ""Hạn mức thẻ"" hoặc ""Chi tiết thẻ"" trên ứng dụng. Thông tin này cũng có thể được cung cấp trong hợp đồng thẻ hoặc liên hệ tổng đài hỗ trợ."
Làm thế nào để kiểm tra xem thẻ của tôi có còn hiệu lực không?,"Xem ngày hết hạn trên mặt trước thẻ. Ngoài ra, bạn có thể kiểm tra trong ứng dụng hoặc liên hệ ngân hàng phát hành để xác minh hiệu lực."
Tôi có thể thay đổi hình thẻ của mình không?,"Có, nếu ngân hàng của bạn cung cấp dịch vụ cá nhân hóa thẻ. Bạn có thể chọn thay đổi trong mục ""Quản lý thẻ"" hoặc liên hệ ngân hàng để thực hiện yêu cầu này."
Có thể xem số dư tài khoản trong thời gian thực không?,"Có, số dư tài khoản trong ứng dụng thường được cập nhật theo thời gian thực. Tuy nhiên, một số giao dịch có thể cần thời gian xử lý trước khi hiển thị."
Làm thế nào để liên kết tài khoản ngân hàng với thẻ?,"Bạn vào mục ""Liên kết tài khoản"", chọn ngân hàng cần liên kết và nhập thông tin tài khoản ngân hàng theo hướng dẫn. Hệ thống sẽ yêu cầu xác minh qua OTP hoặc thông tin cá nhân."
Làm thế nào để biết được số dư tài khoản sau khi giao dịch?,"Sau khi giao dịch, bạn có thể kiểm tra trong mục ""Lịch sử giao dịch"" hoặc ""Tài khoản"" trên ứng dụng, nơi sẽ hiển thị số dư sau khi giao dịch hoàn tất."
Tôi có thể xem lịch sử giao dịch theo tháng không?,"Có, bạn có thể lọc lịch sử giao dịch theo khoảng thời gian cụ thể, bao gồm theo tháng, trong mục ""Lịch sử giao dịch"" trên ứng dụng hoặc website."
Có cách nào để liên kết thẻ tín dụng không?,"Có, bạn cần vào mục ""Liên kết thẻ"", chọn loại thẻ tín dụng và nhập thông tin thẻ như số thẻ, ngày hết hạn, mã CVV. Hệ thống có thể yêu cầu xác minh qua OTP."
Làm thế nào để kiểm tra hạn mức chi tiêu hàng tháng?,"Vào mục ""Hạn mức thẻ"" hoặc ""Quản lý chi tiêu"" trong ứng dụng hoặc website để xem thông tin chi tiết về hạn mức chi tiêu còn lại trong tháng."
Tôi có thể xem thông tin chi tiết về giao dịch không?,"Có, bạn vào mục ""Lịch sử giao dịch"", chọn giao dịch cụ thể để xem chi tiết như thời gian, số tiền, đối tác, và trạng thái giao dịch."
Làm thế nào để biết được thời gian giao dịch đã thực hiện?,"Bạn có thể vào mục ""Lịch sử giao dịch"", mỗi giao dịch sẽ đi kèm thời gian thực hiện chính xác (ngày, giờ) trong phần chi tiết."
Tôi có thể xem các giao dịch đã thực hiện trong năm nay không?,"Có, bạn có thể lọc lịch sử giao dịch theo năm hiện tại trong ứng dụng hoặc website để xem tất cả giao dịch trong khoảng thời gian này."
Có cách nào để thay đổi thẻ mặc định cho thanh toán không?,"Có, vào mục ""Quản lý thẻ"", chọn thẻ mới và đặt làm thẻ mặc định cho thanh toán. Hệ thống sẽ lưu thay đổi ngay lập tức."
Làm thế nào để biết được số dư tài khoản sau khi rút tiền?,"Sau khi rút tiền, bạn có thể kiểm tra mục ""Số dư tài khoản"" trong ứng dụng. Số dư sẽ được cập nhật ngay sau khi giao dịch hoàn tất."
Tôi có thể xem thông tin thẻ trên điện thoại không?,"Có, bạn có thể xem thông tin thẻ như số thẻ, ngày hết hạn trong mục ""Quản lý thẻ"" trên ứng dụng, nhưng một số thông tin như CVV có thể bị ẩn vì lý do bảo mật."
Làm thế nào để kiểm tra xem thẻ của tôi có bị mất không?,"Nếu nghi ngờ thẻ bị mất, bạn có thể kiểm tra trạng thái thẻ trong mục ""Quản lý thẻ"" hoặc gọi đến tổng đài hỗ trợ để xác minh và yêu cầu khóa thẻ tạm thời nếu cần."
Làm thế nào để liên kết thẻ trong ứng dụng?,"Vào mục ""Liên kết thẻ"", nhập thông tin thẻ (số thẻ, ngày hết hạn, mã CVV) và làm theo hướng dẫn. Bạn có thể cần xác minh qua mã OTP gửi về số điện thoại đăng ký."
Có cần phải nhập mã PIN khi liên kết thẻ không?,"Không, thông thường bạn chỉ cần thông tin thẻ và mã OTP để liên kết. Mã PIN thường được sử dụng cho giao dịch rút tiền hoặc thanh toán trực tiếp."
Nếu tôi không nhận được thông báo liên kết thành công thì sao?,"Kiểm tra kết nối mạng và thử lại. Nếu vẫn không thành công, liên hệ bộ phận hỗ trợ khách hàng để kiểm tra trạng thái liên kết."
Tôi có thể xem số dư thẻ khi offline không?,"Không, bạn cần kết nối internet để cập nhật và xem số dư thẻ."
Làm thế nào để chọn thẻ muốn xem lịch sử giao dịch?,"Trong mục ""Lịch sử giao dịch"", chọn thẻ từ danh sách thẻ liên kết hoặc sử dụng bộ lọc để chọn thẻ cụ thể."
"Nếu tôi không thấy giao dịch nào, có phải là có lỗi không?","Không hẳn, có thể không có giao dịch nào trong khoảng thời gian bạn chọn. Kiểm tra lại bộ lọc thời gian hoặc liên hệ hỗ trợ nếu nghi ngờ lỗi hệ thống."
Làm thế nào để chuyển tiền từ ví đến số tài khoản?,"Vào mục ""Chuyển tiền"", chọn ""Từ ví đến tài khoản"", nhập thông tin số tài khoản, ngân hàng và số tiền, sau đó xác nhận giao dịch bằng OTP hoặc mã PIN."
Có cần chọn ngân hàng không khi chuyển tiền?,"Có, bạn cần chọn ngân hàng của tài khoản nhận để đảm bảo giao dịch được xử lý chính xác."
Tôi phải nhập những thông tin gì khi chuyển tiền?,"Thông tin bao gồm: số tài khoản người nhận, ngân hàng nhận, số tiền muốn chuyển, và nội dung chuyển tiền (nếu cần)."
Làm thế nào để biết tiền đã được chuyển thành công?,"Bạn sẽ nhận được thông báo ""Giao dịch thành công"" trong ứng dụng và có thể kiểm tra trong ""Lịch sử giao dịch"" để xác nhận."
Có thể chuyển tiền mà không cần xác thực mConnect không?,"Không, để đảm bảo an toàn, các giao dịch chuyển tiền thường yêu cầu xác thực bằng OTP, mConnect, hoặc mã PIN."
Có cần chọn ngân hàng trước khi nhập số tài khoản không?,"Không bắt buộc, nhưng chọn ngân hàng trước có thể giúp hệ thống xác minh số tài khoản nhanh hơn."
Làm thế nào để chuyển tiền qua mã QR trong app?,"Chọn mục ""Quét mã QR"", hướng camera vào mã QR, xác nhận thông tin tài khoản nhận và nhập số tiền cần chuyển, sau đó hoàn tất giao dịch."
Làm thế nào để chọn nguồn tiền cho giao dịch?,"Trong mục thanh toán hoặc chuyển tiền, bạn có thể chọn nguồn tiền từ danh sách ví, tài khoản, hoặc thẻ đã liên kết."
Nếu mã QR không quét được thì tôi phải làm gì?,"Kiểm tra ánh sáng, đảm bảo mã QR không bị mờ hoặc hỏng. Nếu vẫn không được, bạn có thể nhập thông tin tài khoản nhận theo cách thủ công."
Làm thế nào để thanh toán hóa đơn điện qua app?,"Vào mục ""Thanh toán hóa đơn"", chọn ""Điện"", nhập mã khách hàng hoặc quét mã hóa đơn, kiểm tra thông tin và xác nhận thanh toán."
Làm thế nào để biết hóa đơn điện đã được thanh toán thành công?,"Sau khi thanh toán, bạn sẽ nhận được thông báo ""Thanh toán thành công"" trên ứng dụng. Thông tin cũng sẽ hiển thị trong mục ""Lịch sử giao dịch""."
Tôi có thể thanh toán hóa đơn nước cho người khác không?,"Có, chỉ cần nhập đúng mã khách hàng hoặc thông tin hóa đơn của người đó trong mục ""Thanh toán hóa đơn""."
Có thông tin gì cần lưu ý khi thanh toán bảo hiểm không?,"Kiểm tra kỹ mã hợp đồng, số tiền phải thanh toán, và hạn thanh toán để tránh trễ hạn. Bạn nên lưu lại biên lai sau khi giao dịch thành công."
Làm thế nào để thanh toán phí VETC qua app?,"Vào mục ""Thanh toán hóa đơn"", chọn ""VETC"", nhập mã khách hàng hoặc biển số xe, kiểm tra thông tin và xác nhận thanh toán."
Tôi có thể đặt vé máy bay từ đâu?,"Truy cập mục ""Đặt vé máy bay"" trong ứng dụng, nhập thông tin điểm đi, điểm đến, ngày bay, và chọn chuyến bay phù hợp để tiến hành đặt vé."
Tôi có thể tìm vé xe ở đâu trong app?,"Vào mục ""Đặt vé xe"", nhập điểm đi, điểm đến, ngày khởi hành để xem các chuyến xe có sẵn."
Làm thế nào để chọn chỗ ngồi trên xe?,"Khi đặt vé, hệ thống thường hiển thị sơ đồ chỗ ngồi. Bạn có thể chọn chỗ ngồi còn trống theo ý muốn trước khi xác nhận đặt vé."
Có cần nhập thông tin khách hàng không?,"Có, bạn cần nhập thông tin như tên, số điện thoại và CMND/CCCD (nếu yêu cầu) để hoàn tất việc đặt vé."
Làm thế nào để biết vé xe đã đặt thành công?,"Sau khi đặt vé, bạn sẽ nhận được thông báo ""Đặt vé thành công"" kèm mã vé. Bạn cũng có thể kiểm tra trong mục ""Lịch sử giao dịch""."
Làm thế nào để biết được thời gian khởi hành của chuyến xe?,"Thời gian khởi hành được hiển thị rõ trong chi tiết vé. Bạn cũng có thể xem lại thông tin trong mục ""Vé của tôi"" hoặc ""Lịch sử giao dịch""."
Tôi có thể đặt vé cho chuyến xe trong ngày không?,"Có, nếu chuyến xe đó còn chỗ trống, bạn có thể đặt vé ngay trong ngày. Tuy nhiên, hãy kiểm tra thời gian còn lại trước khi xe khởi hành."
Tôi cần làm gì để chọn vé tàu?,"Vào mục ""Đặt vé tàu"", nhập ga đi, ga đến, ngày đi và chọn chuyến tàu phù hợp. Bạn có thể chọn ghế ngồi hoặc giường nằm tùy theo nhu cầu."
Làm thế nào để biết vé tàu đã đặt thành công?,"Sau khi đặt vé, hệ thống sẽ hiển thị thông báo ""Đặt vé thành công"" và gửi mã vé qua email hoặc ứng dụng."
Hệ thống có hiển thị thông tin suất chiếu không?,"Có, trong mục ""Đặt vé xem phim"", bạn có thể xem chi tiết về suất chiếu, giờ chiếu và rạp phim."
Làm thế nào để biết có vé trống không?,"Khi chọn suất chiếu hoặc chuyến đi, hệ thống sẽ hiển thị các chỗ trống có sẵn để bạn chọn. Nếu không có chỗ, thông báo sẽ được hiển thị."
Làm thế nào để nạp thẻ điện thoại qua app?,"Vào mục ""Nạp thẻ điện thoại"", chọn nhà mạng, nhập số điện thoại, chọn mệnh giá, kiểm tra thông tin và xác nhận giao dịch."
Nếu tôi chọn sai mệnh giá thì sao?,"Bạn cần hủy giao dịch trước khi xác nhận thanh toán. Sau khi giao dịch hoàn tất, không thể hoàn tiền hoặc thay đổi mệnh giá."
Làm thế nào để biết nạp thẻ thành công?,"Sau khi nạp, bạn sẽ nhận được thông báo ""Nạp tiền thành công"". Số tiền nạp cũng được hiển thị trong lịch sử giao dịch."
Có cần nhập mã xác nhận khi nạp thẻ không?,"Có, bạn cần nhập mã OTP hoặc mã PIN để xác nhận giao dịch, đảm bảo tính an toàn."
Tôi có thể tất toán sổ tiết kiệm mà không cần đến ngân hàng không?,"Có, bạn có thể tất toán sổ tiết kiệm trực tiếp trên ứng dụng nếu tài khoản ngân hàng của bạn được liên kết."
Tôi có thể rút bao nhiêu tiền từ sổ tiết kiệm?,Số tiền rút phụ thuộc vào số dư trong sổ tiết kiệm và các điều khoản của ngân hàng. Một số sổ tiết kiệm yêu cầu tất toán toàn bộ số dư.
Tôi cần làm gì để mở thẻ tín dụng phi vật lý?,"Vào mục ""Quản lý thẻ"", chọn ""Mở thẻ tín dụng phi vật lý"", nhập thông tin cá nhân, xác minh tài khoản và làm theo hướng dẫn của ứng dụng."
Tôi có thể mở thẻ tín dụng phi vật lý từ đâu trong app?,"Truy cập mục ""Dịch vụ thẻ"", sau đó chọn ""Mở thẻ tín dụng phi vật lý"". Làm theo các bước được hướng dẫn trong ứng dụng."
Làm thế nào để thêm tài khoản SacombankPay vào danh bạ thụ hưởng?,"Vào mục ""Thêm người thụ hưởng"", nhập số tài khoản hoặc số điện thoại SacombankPay, xác nhận thông tin và lưu vào danh bạ thụ hưởng."
Có thể thêm nhiều tài khoản SacombankPay không?,"Có, bạn có thể thêm nhiều tài khoản SacombankPay vào danh bạ thụ hưởng mà không giới hạn số lượng."
Làm thế nào để biết tài khoản SacombankPay đã được thêm thành công?,"Sau khi thêm, bạn sẽ nhận được thông báo ""Thêm thành công"". Tài khoản mới sẽ hiển thị trong danh sách thụ hưởng."
Tôi có thể xem danh sách người thụ hưởng đã thêm ở đâu?,"Vào mục ""Quản lý danh bạ thụ hưởng"" hoặc ""Danh sách người thụ hưởng"" trong ứng dụng để xem danh sách đã lưu."
Làm thế nào để thêm số tài khoản vào danh bạ thụ hưởng?,"Vào mục ""Thêm người thụ hưởng"", nhập số tài khoản, tên ngân hàng và thông tin cần thiết, sau đó xác nhận để lưu vào danh bạ."
Có thể tắt thanh toán hóa đơn tự động không?,"Có, vào mục ""Quản lý hóa đơn"", chọn hóa đơn cần tắt và tắt tùy chọn ""Thanh toán tự động""."
Làm thế nào để kiểm tra danh sách tài khoản đã lưu?,"Vào mục ""Danh sách tài khoản"" trong ứng dụng để xem tất cả tài khoản đã lưu, bao gồm tài khoản ngân hàng và SacombankPay."
Làm thế nào để thêm số thẻ vào danh bạ thụ hưởng?,"Vào mục ""Thêm người thụ hưởng"", chọn ""Thẻ"", nhập số thẻ và thông tin liên quan, sau đó xác nhận để lưu."
Làm thế nào để tắt thanh toán hóa đơn tự động?,"Vào mục ""Quản lý hóa đơn"", chọn hóa đơn cần tắt, sau đó tắt tùy chọn ""Thanh toán tự động""."
Làm thế nào để thanh toán dự nợ thẻ tín dụng qua app?,"Vào mục ""Dịch vụ thẻ"", chọn ""Thanh toán dự nợ"", nhập số tiền muốn thanh toán và xác nhận giao dịch. Tiền sẽ được trừ từ tài khoản nguồn đã chọn."